{"cameraMode":{"drawMode":0,"name":"Shaded","section":"Shading Mode"},"sceneLighting":true,"audioPlay":false,"sceneViewState":{"showFog":true,"showMaterialUpdate":false,"showSkybox":true,"showFlares":true,"showImageEffects":true,"showParticleSystems":true},"in2DMode":false,"pivot":{"x":-3.070605516433716,"y":2.5966575145721437,"z":10.740665435791016},"rotation":{"x":-0.049261052161455157,"y":0.6673341393470764,"z":-0.044315408915281299,"w":-0.7418072819709778},"size":7.773355960845947,"orthographic":false}